Time,num_comments,Comment_len,Replies_len,Title_len,Subreddit
14310,11,1112,358,247,1
24754,8,554,305,226,1
15620,5,1016,56,263,1
8055,0,2,2,157,1
18289,2,622,103,60,1
54344,130,1678,2117,267,1
12962,0,2,2,181,1
64680,40,2222,1483,62,1
21442,4,307,163,121,1
23162,1,62,2,119,1
29997,0,2,2,197,1
32711,0,2,2,196,1
15646,0,2,2,297,1
18295,0,2,2,197,1
26545,3,228,48,75,1
73493,7,728,617,124,1
13298,0,2,2,97,1
100604,9,1700,101,134,1
17048,2,43,11,300,1
44166,1,242,2,101,1
71583,43,1613,1908,211,1
15210,0,2,2,70,1
39093,1,739,2,208,1
29109,2,116,67,290,1
8200,0,2,2,64,1
46614,0,2,2,217,1
49522,0,2,2,85,1
48889,0,2,2,41,1
37175,0,2,2,280,1
70360,3,1392,112,295,1
40236,1,94,2,283,1
60683,2,235,2,68,1
74310,4,923,126,300,1
42085,0,2,2,113,1
56912,2,579,2,64,1
47137,0,2,2,71,1
78180,8,522,38,64,1
57950,0,2,2,53,1
74830,2,147,2,63,1
136385,54,774,977,78,1
35465,0,2,2,100,1
46105,0,2,2,87,1
122922,27,351,31,211,1
82134,0,2,2,48,1
89803,0,2,2,129,1
55372,0,2,2,88,1
98937,2,483,2,88,1
57418,0,2,2,83,1
103158,1,2,2,280,1
84602,1,89,2,58,1
73026,1,2,2,217,1
166494,79,1506,1051,211,1
66748,0,2,2,105,1
100518,2,539,2,66,1
137033,3,38,2,37,1
152736,13,667,46,75,1
139944,1,420,2,300,1
96299,1,8,2,300,1
79467,1,126,2,54,1
97596,0,2,2,162,1
129348,1,49,2,52,1
108004,0,2,2,66,1
102625,1,49,2,260,1
86036,0,2,2,60,1
114734,0,2,2,94,1
115018,0,2,2,72,1
96036,0,2,2,62,1
135603,4,797,2,183,1
84557,0,2,2,82,1
131573,1,2,2,88,1
141533,2,117,2,196,1
188242,6,720,254,166,1
123512,0,2,2,37,1
130875,1,209,2,54,1
95649,0,2,2,43,1
132585,6,907,444,93,1
215514,26,1025,67,73,1
155469,0,2,2,294,1
233395,99,4243,5502,99,1
191529,0,2,2,289,1
205430,5,889,2,298,1
206639,7,216,325,92,1
149894,0,2,2,84,1
192847,0,2,2,283,1
132454,0,2,2,117,1
122464,1,61,2,165,1
137060,1,2,2,44,1
156097,0,2,2,251,1
138295,1,141,2,208,1
147583,0,2,2,112,1
185396,3,1186,2,298,1
186698,0,2,2,130,1
152392,5,825,2,78,1
207937,2,417,2,74,1
210537,0,2,2,187,1
218333,1,30,2,126,1
159072,0,2,2,71,1
172792,3,509,6,87,1
160934,5,105,13,74,1
141972,0,2,2,60,1
142368,2,476,2,82,1
209267,0,2,2,269,1
146539,0,2,2,58,1
194075,1,420,2,212,1
247431,12,1394,671,77,1
206284,2,233,110,58,1
224404,1,245,2,100,1
279499,24,1789,879,35,1
234353,3,138,78,252,1
215157,3,143,144,57,1
215258,1,158,2,45,1
208324,0,2,2,16,1
227641,5,266,2,71,1
196878,0,2,2,63,1
301299,16,591,254,82,1
229299,0,2,2,297,1
211662,4,575,77,99,1
227754,1,65,2,93,1
219257,0,2,2,78,1
228826,4,177,27,63,1
286380,3,251,2,78,1
241789,1,62,2,76,1
204536,2,76,2,35,1
195577,0,2,2,295,1
332086,77,2417,4902,144,1
276018,7,122,70,295,1
212516,1,1313,2,67,1
253025,0,2,2,278,1
240409,2,212,2,82,1
240495,1,343,2,202,1
220279,0,2,2,87,1
282809,3,128,2,100,1
253764,3,627,27,69,1
244881,0,2,2,75,1
296485,0,2,2,19,1
261241,0,2,2,99,1
239932,2,200,163,34,1
317490,2,192,116,110,1
277877,0,2,2,135,1
270956,0,2,2,199,1
338446,10,587,70,56,1
281826,0,2,2,84,1
308322,2,380,2,241,1
241292,23,2054,954,73,1
284492,2,1319,2,50,1
312504,2,59,2,91,1
361901,26,2865,1410,296,1
287051,1,77,2,164,1
282955,1,40,2,56,1
285862,3,38,46,66,1
360146,43,1573,534,44,1
284657,1,108,2,104,1
300715,0,2,2,256,1
286714,15,2324,1455,42,1
283164,0,2,2,120,1
331351,7,378,766,92,1
295973,0,2,2,57,1
305806,0,2,2,98,1
288314,0,2,2,204,1
300561,4,444,2,82,1
266067,0,2,2,53,1
310195,0,2,2,297,1
299494,0,2,2,273,1
290348,1,66,2,93,1
402403,60,2247,1483,56,1
272701,18,960,4058,38,1
333170,5,789,203,300,1
371643,1,343,2,124,1
310386,1,2,2,25,1
323838,4,1443,96,287,1
334828,2,796,2,300,1
326066,2,208,2,55,1
358786,11,793,311,57,1
368985,4,74,30,298,1
379167,26,329,639,36,1
380618,2,165,2,135,1
324278,6,380,756,140,1
399774,3,188,2,40,1
329978,0,2,2,58,1
364624,2,189,208,147,1
340373,0,2,2,48,1
323350,0,2,2,138,1
355983,1,56,2,144,1
421621,49,3438,1568,90,1
336110,0,2,2,300,1
334929,0,2,2,77,1
367284,4,244,2,31,1
392932,5,402,102,106,1
411372,7,1974,225,29,1
360648,1,210,2,299,1
387898,0,2,2,85,1
419169,24,670,657,97,1
363255,1,119,2,72,1
366011,1,618,2,300,1
359586,0,2,2,63,1
413320,8,524,44,253,1
397897,13,855,219,68,1
353806,0,2,2,91,1
407976,1,100,2,204,1
416690,1,107,2,81,1
370361,0,2,2,65,1
366130,0,2,2,48,1
381473,0,2,2,99,1
370241,0,2,2,70,1
468303,11,528,43,296,1
412241,7,2328,22,214,1
414761,5,207,98,67,1
419495,2,115,2,59,1
459001,13,778,246,279,1
395030,2,176,2,68,1
399435,1,72,2,69,1
404169,0,2,2,63,1
410201,9,818,70,78,1
410282,0,2,2,40,1
390523,0,2,2,17,1
494616,226,1573,2084,69,1
412721,0,2,2,57,1
477352,7,503,150,192,1
406421,0,2,2,82,1
449799,3,138,12,86,1
493196,15,1134,131,290,1
448280,0,2,2,197,1
434487,0,2,2,71,1
473466,4,347,2,131,1
462330,0,2,2,83,1
461026,0,2,2,271,1
456790,1,2,2,85,1
452364,0,2,2,175,1
470431,0,2,2,179,1
484195,0,2,2,69,1
450401,0,2,2,240,1
479457,1,2,2,196,1
439242,5,25,54,17,1
472258,1,12,2,260,1
464337,1,28,2,300,1
494066,8,1581,625,120,1
469348,3,34,2,43,1
405634,6,214,39,18,1
475057,0,2,2,285,1
489091,2,96,2,84,1
493634,8,343,172,239,1
583451,112,2259,5093,11,1
482316,15,586,240,54,1
486167,0,2,2,64,1
563872,12,747,910,109,1
533673,8,1262,1490,300,1
491066,0,2,2,156,1
487685,0,2,2,59,1
505410,2,2574,76,50,1
527171,0,2,2,227,1
491048,8,1423,706,35,1
531772,3,124,62,88,1
584460,32,2876,519,295,1
529000,2,210,2,59,1
533778,5,347,2,91,1
524677,0,2,2,79,1
562518,2,38,2,97,1
549435,1,104,2,12,1
557432,2,66,97,71,1
568712,1,2,2,265,1
540258,15,886,2637,78,1
553479,1,175,2,291,1
582760,0,2,2,211,1
555680,0,2,2,268,1
575012,4,82,317,194,1
579862,6,70,159,121,1
654902,33,965,1117,298,1
612592,2,290,2,286,1
589612,0,2,2,176,1
591575,6,660,766,248,1
593054,1,315,2,170,1
629326,1,2,2,288,1
565584,1,23,2,57,1
561576,0,2,2,63,1
586870,1,145,2,70,1
587552,0,2,2,107,1
591048,0,2,2,84,1
578385,0,2,2,75,1
615264,0,2,2,223,1
566614,1,644,2,84,1
585896,0,2,2,298,1
624124,3,469,2,201,1
574209,0,2,2,72,1
574270,0,2,2,70,1
584778,1,145,2,34,1
586257,2,922,2,243,1
627425,0,2,2,287,1
566290,0,2,2,97,1
605069,2,512,2,16,1
595804,1,651,2,152,1
669760,17,2893,476,58,1
722030,46,1798,3726,259,1
616572,0,2,2,28,1
611052,16,1454,1804,292,1
622036,0,2,2,163,1
678311,5,371,77,172,1
638262,23,10,158,92,1
652969,1,343,2,101,1
635364,0,2,2,300,1
631396,0,2,2,80,1
633309,0,2,2,246,1
647781,2,128,3671,71,1
617553,0,2,2,281,1
642509,0,2,2,59,1
651346,2,67,47,70,1
632275,1,10,2,69,1
642308,1,178,2,211,1
655103,2,41,2,63,1
646094,0,2,2,236,1
717222,1,60,2,253,1
641433,0,2,2,9,1
701942,0,2,2,138,1
644272,0,2,2,298,1
631435,0,2,2,166,1
669701,9,254,901,211,1
674274,1,319,2,64,1
672800,1,121,2,39,1
742880,7,778,171,236,1
641515,3,1114,2,48,1
664381,0,2,2,94,1
674471,1,10,2,100,1
759138,20,822,269,94,1
638430,40,1696,1350,55,1
699473,1,26,2,295,1
697766,3,762,2,64,1
723845,13,506,558,228,1
729252,2,132,35,44,1
739023,17,180,145,75,1
714049,6,13,655,98,1
675048,0,2,2,55,1
717411,1,57,2,106,1
676357,1,38,2,225,1
754107,2,324,64,223,1
796608,24,712,1476,76,1
726037,0,2,2,60,1
709092,1,422,2,60,1
706181,0,2,2,97,1
699023,0,2,2,125,1
741645,6,375,157,34,1
708797,1,84,2,99,1
701419,0,2,2,54,1
704151,0,2,2,294,1
728328,18,162,114,209,1
725073,0,2,2,127,1
720043,0,2,2,104,1
766390,14,1406,1315,133,1
707732,17,375,826,44,1
713509,0,2,2,107,1
711137,0,2,2,75,1
732776,0,2,2,218,1
706215,0,2,2,269,1
756106,0,2,2,122,1
774576,6,132,92,18,1
710084,0,2,2,77,1
733195,2,419,2,64,1
727741,1,47,2,95,1
761042,0,2,2,290,1
758783,0,2,2,227,1
737323,0,2,2,223,1
734664,0,2,2,69,1
765712,0,2,2,96,1
730932,0,2,2,269,1
714319,0,2,2,75,1
823581,6,522,2,283,1
833152,75,2660,1761,126,1
749066,0,2,2,46,1
827106,18,1031,328,300,1
763215,0,2,2,81,1
749237,1,86,2,59,1
765917,0,2,2,47,1
744894,1,2,2,88,1
805382,3,311,12,58,1
762871,0,2,2,190,1
815064,8,1768,1645,172,1
748133,0,2,2,79,1
767022,1,42,2,252,1
758071,0,2,2,43,1
750160,1,88,2,58,1
768622,0,2,2,83,1
789884,2,928,2,99,1
793618,0,2,2,116,1
801543,2,451,2,237,1
759761,0,2,2,54,1
825584,2,107,2,205,1
790639,0,2,2,109,1
811320,5,83,165,242,1
809911,0,2,2,72,1
764711,1,589,2,298,1
829402,6,388,39,69,1
787924,1,66,2,56,1
791703,2,121,2,293,1
799618,0,2,2,153,1
820219,1,294,2,77,1
783995,0,2,2,295,1
821628,2,192,2,86,1
899792,284,5479,9415,62,1
816421,0,2,2,71,1
817275,0,2,2,167,1
785947,0,2,2,106,1
825777,5,392,2,65,1
840141,2,174,28,77,1
799459,0,2,2,99,1
844840,0,2,2,276,1
828379,1,6,2,61,1
818281,36,29,216,53,1
829149,1,1966,2,300,1
851232,1,2,2,95,1
858125,1,345,2,204,1
824577,0,2,2,99,1
858334,1,421,2,191,1
814935,1,48,2,252,1
831793,0,2,2,205,1
852280,3,1061,2,299,1
818381,0,2,2,89,1
825618,0,2,2,65,1
804093,1,60,2,300,1
806004,0,2,2,269,1
835062,0,2,2,76,1
937909,65,4477,6833,93,1
863078,3,148,281,87,1
828245,2,241,2,124,1
829910,7,804,333,30,1
871876,24,120,88,106,1
846536,0,2,2,38,1
902500,14,386,614,109,1
896102,2,199,2,27,1
934285,11,275,99,24,1
893684,1,73,2,166,1
833544,7,439,1459,136,1
938100,3,785,2,100,1
895251,0,2,2,190,1
919256,0,2,2,79,1
915773,2,67,148,295,1
883544,0,2,2,205,1
897370,0,2,2,298,1
905681,18,423,319,293,1
892759,5,1101,2,107,1
932800,1,127,2,208,1
895083,0,2,2,66,1
884965,2,158,2,251,1
901057,0,2,2,96,1
936957,6,179,183,95,1
890338,1,50,2,77,1
926739,7,1121,592,25,1
903499,1,1036,2,54,1
899454,0,2,2,41,1
896431,1,341,2,266,1
1015862,146,9247,9542,56,1
917910,1,243,2,245,1
932974,13,99,1077,78,1
903533,5,173,32,290,1
914079,2,190,2,289,1
904590,1,154,2,289,1
934228,0,2,2,13,1
925620,8,291,84,99,1
920751,0,2,2,67,1
907628,0,2,2,84,1
901396,0,2,2,243,1
926805,2,114,2,269,1
969473,4,598,2,298,1
963324,1,309,2,82,1
911094,0,2,2,148,1
926373,3,110,987,57,1
904919,20,468,345,56,1
929901,1,17,2,37,1
919546,1,498,2,87,1
906762,0,2,2,182,1
909438,0,2,2,63,1
830259,9,423,618,133,1
935277,0,2,2,50,1
925861,2,423,2,55,1
932227,1,247,2,66,1
914576,1,96,2,210,1
998141,14,4597,821,42,1
903482,31,1454,705,68,1
918155,1,25,2,39,1
918657,0,2,2,61,1
934282,0,2,2,168,1
1011355,4,149,2,107,1
1015415,10,74,1119,68,1
976604,2,28,2,205,1
967965,4,319,430,74,1
1049892,69,2553,1621,215,1
1015651,1,353,2,27,1
975575,1,2,2,210,1
974249,2,55,2,237,1
1012302,4,335,535,272,1
970378,0,2,2,290,1
1019271,2,58,2,291,1
971441,2,123,2,286,1
967940,1,8,2,298,1
993489,1,17,2,126,1
1005662,0,2,2,65,1
997211,1,26,2,292,1
989652,0,2,2,110,1
987555,1,7,2,48,1
1007947,4,167,379,214,1
996313,4,1260,2,90,1
1010692,0,2,2,83,1
972780,2,276,2,59,1
1051097,2,259,2,225,1
1008519,0,2,2,92,1
1018222,0,2,2,20,1
1010529,0,2,2,98,1
996312,1,200,2,106,1
1001609,0,2,2,10,1
1014817,1,13,2,9,1
1004331,3,265,77,298,1
980464,0,2,2,38,1
1106074,53,2973,3038,116,1
983360,3,34,62,112,1
1049057,6,179,63,267,1
1030051,0,2,2,189,1
1003148,4,49,220,24,1
1052434,3,567,2,58,1
1047983,2,20,2,45,1
1089732,3,443,2,189,1
1100035,7,13,12,244,1
1060537,2,165,252,103,1
1011235,0,2,2,46,1
1091291,2,148,84,291,1
1107270,18,629,1826,25,1
1041721,1,330,2,298,1
1101630,3,122,25,60,1
1098055,0,2,2,85,1
1136164,37,2518,2156,297,1
1097189,0,2,2,28,1
1059869,1,170,2,151,1
1068738,1,65,2,66,1
1074633,0,2,2,66,1
1088487,3,284,2,190,1
1177349,219,1243,3456,243,1
1093460,0,2,2,67,1
1079092,0,2,2,277,1
1091619,13,60,351,148,1
1068434,2,40,7,8,1
1088142,0,2,2,30,1
1092784,41,703,544,297,1
1142541,37,175,85,292,1
1106883,0,2,2,30,1
1126976,1,544,2,68,1
1142148,4,67,59,101,1
1140621,0,2,2,298,1
1101518,0,2,2,46,1
1090037,0,2,2,31,1
1105659,0,2,2,124,1
1094703,0,2,2,88,1
1105693,1,20,2,295,1
1138787,0,2,2,281,1
1088937,1,57,2,194,1
1177048,7,647,332,97,1
1139626,1,331,2,283,1
1237993,41,1401,854,113,1
1157351,7,740,120,73,1
1163416,3,277,341,85,1
1171334,2,85,2,104,1
1190485,0,2,2,186,1
1167243,3,57,2,92,1
1167171,0,2,2,62,1
1165174,2,144,2,40,1
1198008,12,1285,468,294,1
1200803,0,2,2,110,1
1144931,0,2,2,46,1
1175501,0,2,2,81,1
1228854,2,72,2,81,1
1197242,1,952,2,128,1
1287335,47,955,2191,141,1
1246383,1,1079,2,141,1
1202455,12,707,284,117,1
1263667,24,813,197,34,1
1157424,10,94,31,71,1
1243264,13,1127,421,202,1
1221893,0,2,2,25,1
1247440,5,262,1309,63,1
1241789,2,198,2,106,1
1225858,5,457,2,66,1
1284721,27,2231,446,64,1
1233980,1,15,2,71,1
1234632,3,62,2120,235,1
1277922,0,2,2,81,1
1342356,41,1594,352,135,1
1294047,1,399,2,81,1
1243723,0,2,2,55,1
1260834,0,2,2,66,1
1247804,0,2,2,40,1
1272201,0,2,2,61,1
1269682,1,203,2,60,1
1282557,0,2,2,57,1
1277481,9,608,850,69,1
1327108,4,147,76,121,1
1287313,2,216,2,67,1
1282612,2,335,2,78,1
1365770,6,390,2,108,1
1370932,35,922,984,165,1
1346446,5,661,2,84,1
1275089,4,1051,2,68,1
1371686,14,11769,536,236,1
1327318,0,2,2,16,1
1273567,21,475,1545,53,1
1328070,0,2,2,123,1
1297850,0,2,2,108,1
1327472,0,2,2,73,1
1368639,3,100,92,138,1
1349470,0,2,2,58,1
1310697,1,29,2,81,1
1340747,18,597,479,79,1
1415577,246,3674,4167,44,1
1353635,1,54,2,72,1
1347959,5,900,2,194,1
1375320,4,164,92,75,1
1334596,1,6,2,31,1
1325732,1,22,2,63,1
1273000,3,406,2,94,1
1355193,0,2,2,78,1
1336708,6,65,237,111,1
1360698,0,2,2,84,1
1375305,0,2,2,66,1
1351278,1,143,2,61,1
1363620,5,131,48,45,1
1338841,2,359,2,71,1
1455775,134,4768,5151,101,1
1403927,2,106,2,300,1
1347922,1,278,2,57,1
1358254,0,2,2,80,1
1351536,1,189,2,115,1
1367399,1,496,2,75,1
1361598,14,1084,52,48,1
1418314,0,2,2,40,1
1399708,1,141,2,159,1
1375011,8,10,42,78,1
1347900,0,2,2,71,1
1426835,12,742,596,13,1
1352107,1,142,2,46,1
1397716,1,26,2,66,1
1398477,0,2,2,287,1
1368873,0,2,2,50,1
1333112,3,9,234,83,1
1428578,2,118,2,69,1
1405035,1,379,2,79,1
1362757,0,2,2,68,1
1384239,0,2,2,59,1
1399428,2,2,2,91,1
1416782,0,2,2,96,1
1415364,0,2,2,85,1
1409279,37,495,195,53,1
1400752,1,201,2,260,1
1429707,5,441,52,92,1
1428097,3,963,2,300,1
1397948,3,486,349,95,1
1423330,4,860,2,88,1
1420846,0,2,2,63,1
1448132,4,577,2,76,1
1508438,80,6687,2865,36,1
1438559,1,278,2,296,1
1531410,25,1036,698,283,1
1453967,1,243,2,136,1
1429668,0,2,2,182,1
1508767,1,84,2,68,1
1448496,0,2,2,101,1
1453169,0,2,2,86,1
1449906,0,2,2,82,1
1434318,0,2,2,66,1
1449485,1,50,2,287,1
1450378,0,2,2,134,1
1517807,3,49,2,84,1
1456649,0,2,2,26,1
1454063,1,92,2,217,1
1529456,1,83,2,275,1
1555510,46,2437,8571,259,1
1515643,6,823,727,52,1
1448922,0,2,2,16,1
1449963,3,218,2,42,1
1537202,1,186,2,58,1
1507523,0,2,2,75,1
1517047,11,981,1813,22,1
1532556,3,119,2,299,1
1534157,15,638,1113,66,1
1580468,35,880,866,129,1
1506222,0,2,2,21,1
1513827,3,54,860,228,1
1533936,4,57,293,107,1
1623409,55,1325,2304,231,1
1532648,0,2,2,34,1
1540197,6,575,69,65,1
1536270,0,2,2,34,1
1583989,5,127,532,82,1
1580310,46,1226,3376,102,1
1536759,0,2,2,55,1
1517429,1,185,2,82,1
1548878,1,545,2,75,1
1540271,0,2,2,244,1
1639948,6,123,48,51,1
1571895,0,2,2,144,1
1590338,38,1898,1634,35,1
1550046,1,428,2,74,1
1550184,0,2,2,77,1
1573190,0,2,2,207,1
1639896,36,549,742,66,1
1546259,1,7,2,62,1
1635006,2,123,181,187,1
1549902,0,2,2,68,1
1609830,1,383,2,102,1
1607350,1,2,2,68,1
1689984,8,1906,59,272,1
1592627,1,134,2,290,1
1608541,0,2,2,59,1
1616028,0,2,2,39,1
1622074,0,2,2,296,1
1628932,0,2,2,66,1
1626408,7,591,2,47,1
1743995,99,2142,2557,23,1
1714993,22,781,222,146,1
1687180,2,500,2,53,1
1624119,1,2,2,57,1
1670370,2,19,63,110,1
1716228,18,855,1292,51,1
1699424,11,201,496,69,1
1758116,10,223,254,146,1
1694713,0,2,2,84,1
1698621,1,2,2,108,1
1701524,0,2,2,42,1
1692158,0,2,2,47,1
1748066,6,177,2,82,1
1716610,2,166,2,161,1
1669644,0,2,2,59,1
1714801,1,1369,2,54,1
1710653,0,2,2,60,1
1792300,49,905,1338,93,1
1771560,22,2522,1194,28,1
1717492,0,2,2,197,1
1726684,1,2,2,65,1
1772274,1,422,2,91,1
1747107,5,372,2,99,1
1748749,0,2,2,299,1
1795359,15,367,145,107,1
1848530,213,5077,7454,105,1
1753169,1,169,2,55,1
1747612,0,2,2,180,1
1745291,0,2,2,29,1
1794886,2,525,2,73,1
1790745,7,247,192,72,1
1808476,25,1158,701,206,1
1762621,0,2,2,32,1
1768313,2,42,24,78,1
1748452,0,2,2,35,1
1801987,1,81,2,114,1
1780488,0,2,2,77,1
1801411,3,242,2,56,1
1800334,2,80,2,78,1
1838277,21,1524,1673,67,1
1794007,0,2,2,104,1
1795188,1,180,2,37,1
1772501,0,2,2,209,1
1888859,153,10156,4730,18,1
1807279,0,2,2,59,1
1808767,6,1540,93,272,1
1823390,1,91,2,251,1
1832310,2,13,2,219,1
1773798,0,2,2,67,1
1828464,0,2,2,71,1
1890406,4,363,252,266,1
1888566,10,89,213,30,1
1836434,1,90,2,214,1
1888734,6,182,131,67,1
1934604,106,2233,2393,42,1
1838627,0,2,2,274,1
1849279,0,2,2,16,1
1863629,1,7,2,289,1
1859833,0,2,2,80,1
1847637,0,2,2,57,1
1853941,4,13,99,102,1
1845802,0,2,2,299,1
1874939,2,566,2,85,1
1857005,1,70,2,38,1
1888101,0,2,2,82,1
1891288,1,51,2,44,1
1885316,0,2,2,80,1
1889207,0,2,2,71,1
1887767,1,309,2,46,1
1978711,6,513,231,70,1
1889819,0,2,2,74,1
1862956,0,2,2,104,1
1944120,1,163,2,129,1
1884289,1,86,2,48,1
1875027,0,2,2,63,1
1931310,20,69,389,38,1
1947528,6,218,104,296,1
1978859,0,2,2,95,1
1939828,2,314,2,89,1
1973566,3,1467,2,286,1
1979146,24,1288,510,64,1
2033073,35,2576,1131,97,1
1944443,0,2,2,102,1
1939750,0,2,2,66,1
1948457,6,394,992,50,1
1944961,2,287,194,109,1
1955271,0,2,2,297,1
1979133,4,822,2,78,1
2014978,2,121,2,276,1
1923682,1,127,2,103,1
1939755,1,327,2,25,1
1968345,4,978,2,79,1
1950136,0,2,2,91,1
2007183,3,233,2,90,1
1977126,0,2,2,56,1
1973624,0,2,2,87,1
1965319,0,2,2,63,1
1977038,0,2,2,72,1
2013414,6,500,44,88,1
1986597,0,2,2,112,1
1960703,0,2,2,65,1
1974526,0,2,2,33,1
2015360,13,463,360,66,1
1975796,0,2,2,68,1
2068958,17,887,1040,174,1
2039002,11,505,680,58,1
2014277,4,48,129,200,1
2023754,1,236,2,67,1
2014142,0,2,2,265,1
2015519,2,91,2,294,1
2010188,2,13,72,67,1
1999761,1,498,2,89,1
2050791,5,221,80,293,1
2011105,3,354,661,41,1
2012206,2,13,50,295,1
2033052,0,2,2,80,1
2021623,4,5295,171,75,1
2028718,2,560,2,27,1
2033325,1,678,2,48,1
2035858,1,22,2,65,1
2047402,2,151,2,52,1
2040047,0,2,2,84,1
2036377,0,2,2,96,1
2043596,2,136,136,85,1
2011074,2,78,2,55,1
2055163,0,2,2,87,1
2046199,1,461,2,88,1
2131992,85,3553,1312,61,1
2045490,0,2,2,113,1
2028534,0,2,2,56,1
2047784,0,2,2,61,1
2042564,0,2,2,46,1
2059399,1,417,2,125,1
2052110,0,2,2,68,1
2057187,0,2,2,96,1
2090799,8,721,20,154,1
2040572,0,2,2,48,1
2055473,15,1420,462,170,1
2068472,5,775,483,203,1
2031502,2,131,2,68,1
2069894,0,2,2,157,1
2053616,8,1092,627,75,1
2085047,2,61,64,41,1
2063725,1,171,2,82,1
2097390,3,1316,2,289,1
2179547,38,2562,3449,300,1
2070586,2,425,2,113,1
2092531,0,2,2,290,1
2123679,11,177,1539,75,1
2138356,0,2,2,279,1
2143472,4,441,43,193,1
2138423,3,770,2,49,1
2146778,2,434,2,61,1
2130747,1,513,2,170,1
2119823,1,2,2,96,1
2098501,4,626,57,26,1
2110364,0,2,2,81,1
2142776,0,2,2,70,1
2153146,3,453,281,96,1
2136516,0,2,2,57,1
2187291,4,126,43,65,1
2143940,0,2,2,92,1
2125171,2,126,2,92,1
2135473,1,34,2,53,1
2153329,0,2,2,94,1
2146255,1,90,2,58,1
2176563,1,51,2,69,1
2241471,13,1570,637,72,1
2221154,5,223,45,187,1
2217228,3,269,2,42,1
2173463,0,2,2,300,1
2281784,68,1141,1366,65,1
2192342,0,2,2,91,1
2197550,8,95,44,58,1
2246988,0,2,2,58,1
2242215,0,2,2,99,1
2313256,29,2503,513,25,1
2304455,30,1732,829,95,1
2317060,76,1846,1200,64,1
2316488,26,4070,987,66,1
2242841,0,2,2,80,1
2284409,2,476,148,54,1
2272504,8,590,249,8,1
2300044,25,573,489,44,1
2266115,1,94,2,52,1
2301027,1,230,2,47,1
2264436,3,142,139,31,1
2299294,0,2,2,54,1
2296477,3,67,2,132,1
2288374,0,2,2,52,1
2316623,4,460,97,185,1
2300489,0,2,2,102,1
2384981,65,2347,4152,99,1
2321256,6,569,2,69,1
2315449,0,2,2,60,1
2365471,0,2,2,41,1
2350021,5,194,126,55,1
2378077,2,625,2,68,1
2449070,38,1066,1984,14,1
2442476,28,1972,951,249,1
2401444,6,457,156,116,1
2376448,3,104,2,297,1
2396341,7,762,112,71,1
2369560,0,2,2,132,1
2388207,3,453,848,84,1
2396129,0,2,2,68,1
2436180,5,801,67,76,1
2362575,10,1192,474,254,1
2407146,28,1228,619,298,1
2406749,0,2,2,83,1
2406442,4,143,39,294,1
2383596,0,2,2,72,1
2405746,2,190,2,265,1
2406011,0,2,2,70,1
2371048,0,2,2,105,1
2380621,0,2,2,69,1
2387658,1,149,2,58,1
2414883,0,2,2,169,1
2489570,125,2034,1565,55,1
2395243,0,2,2,102,1
2415244,1,382,2,251,1
2435548,1,43,2,236,1
2409056,1,85,2,37,1
2366578,4,1331,131,72,1
2381163,1,199,2,47,1
2404028,2,1533,2,297,1
2445979,11,853,1491,61,1
2437570,0,2,2,202,1
2439126,6,527,301,187,1
2456507,5,937,2,147,1
2414415,0,2,2,51,1
2476385,3,158,2,105,1
2442158,17,2440,391,42,1
2451888,0,2,2,268,1
2441558,2,1543,2,72,1
2502020,13,946,799,162,1
2562153,56,2478,1214,292,1
2468381,2,366,2,233,1
2469484,0,2,2,90,1
2488873,7,420,1500,276,1
2530090,17,2671,366,70,1
2519942,21,3982,794,205,1
2476734,2,79,69,95,1
2483951,0,2,2,53,1
2501622,0,2,2,117,1
2480525,0,2,2,52,1
2479050,0,2,2,283,1
2496016,1,843,2,120,1
2459542,11,1056,694,29,1
2491184,0,2,2,62,1
2491856,2,95,2,190,1
2501547,1,485,2,224,1
2474760,0,2,2,83,1
2517597,1,30,2,108,1
2462380,0,2,2,71,1
2538293,9,495,536,205,1
2496787,1,29,2,291,1
2467113,3,590,332,46,1
2482789,2,237,2,81,1
2530358,0,2,2,33,1
2617668,60,2092,2182,57,1
2531300,6,845,2,71,1
2531646,67,7565,7738,36,1
2484131,25,310,648,58,1
2523840,2,571,2,90,1
2551402,2,24,2,107,1
2527909,0,2,2,43,1
2542325,3,102,2,300,1
2538826,6,35,172,70,1
2544208,0,2,2,168,1
2547446,0,2,2,289,1
2552913,0,2,2,73,1
2557111,0,2,2,151,1
2567646,1,2,2,181,1
2646634,7,739,104,251,1
2527629,0,2,2,42,1
2574023,1,305,2,44,1
2606233,1,166,2,12,1
2573977,1,59,2,284,1
2559390,2,506,2,254,1
2610611,3,126,2,90,1
2560502,1,67,2,75,1
2574179,1,128,2,72,1
2567035,0,2,2,19,1
43478,51,2242,2360,28,0
20589,2,59,2,98,0
11632,1,2,2,76,0
67574,9,244,146,59,0
42657,5,41,2,77,0
117460,43,1775,1084,66,0
31014,3,433,2,73,0
34939,1,2,2,48,0
36341,3,163,2,89,0
37585,1,2,2,81,0
16693,2,2,2,70,0
39125,3,13,2998,35,0
17780,1,2,2,59,0
45139,1,2,2,67,0
33059,1,2,2,60,0
155244,23,482,1090,54,0
42666,1,2,2,39,0
55425,1,2,2,21,0
55264,1,2,2,59,0
211851,14,188,1552,90,0
67473,1,287,2,81,0
117951,2,2,87,64,0
118096,1,2,2,55,0
119121,3,151,179,95,0
66399,4,689,84,14,0
144798,1,296,2,48,0
137088,2,2,2,54,0
229700,1,2,2,139,0
259306,7,111,536,77,0
172602,1,2,2,83,0
175123,1,2,2,50,0
291257,17,1065,521,72,0
176170,1,2,2,100,0
317333,31,495,1356,92,0
275519,5,620,900,63,0
259821,1,2,2,85,0
291772,3,290,2,170,0
406144,15,1066,73,76,0
313087,2,2,2,58,0
471230,4,3023,2,53,0
365055,2,145,2,96,0
498149,44,227,3224,58,0
481620,9,954,2,26,0
549501,92,2282,2191,69,0
453117,1,2,2,29,0
484655,15,1732,443,146,0
480645,1,287,2,29,0
482594,2,2,2,17,0
406389,2,2,2,56,0
415163,7,159,37,67,0
516679,2,33,2,76,0
606254,31,1109,2051,59,0
454036,6,744,2,12,0
496993,0,2,2,159,0
535608,1,2,2,51,0
606069,8,635,342,90,0
584401,14,13,93,213,0
639303,16,1622,1185,235,0
676284,25,928,320,58,0
568949,1,2,2,65,0
549424,1,2,2,20,0
585335,2,161,2,72,0
655364,11,1117,590,62,0
547927,1,2,2,68,0
638773,2,492,2,73,0
595998,2,498,2,85,0
633877,2,46,2,19,0
603915,3,46,2,63,0
636395,3,177,2,91,0
567263,2,2,18,97,0
638533,1,2,2,32,0
723236,40,2597,1209,42,0
657185,4,182,2,80,0
746997,16,228,907,83,0
677287,2,193,2,120,0
631326,7,480,119,28,0
694548,3,395,262,89,0
637838,9,118,779,70,0
671740,3,327,100,60,0
754191,1,2,2,68,0
676417,1,2,2,70,0
677330,2,8,2,103,0
699161,0,2,2,210,0
648100,1,2,2,70,0
706672,1,2,2,73,0
736765,3,60,2,62,0
817360,77,2017,1767,142,0
734292,1,2,2,59,0
739839,1,2,2,54,0
767545,1,2,2,76,0
806800,8,279,194,149,0
768085,1,2,2,47,0
781726,0,2,2,85,0
801906,0,2,2,83,0
846833,64,2441,4948,55,0
791090,1,2,2,73,0
738392,5,233,198,18,0
774459,6,370,2,76,0
810531,1,2,2,92,0
780420,1,2,2,85,0
810624,5,413,2,58,0
838251,11,225,82,22,0
809564,1,2,2,25,0
804030,1,2,2,64,0
807723,1,2,2,52,0
810285,1,2,2,69,0
909496,28,647,1506,60,0
819777,1,2,2,38,0
823124,1,2,2,68,0
809107,3,46,2,46,0
840282,2,93,2,56,0
830342,1,2,2,70,0
939113,20,229,1042,88,0
883513,1,2,2,62,0
910381,10,314,72,47,0
877414,1,2,2,24,0
891959,1,2,2,62,0
892254,1,2,2,56,0
892383,4,348,2,101,0
899370,1,2,2,51,0
1009207,29,411,810,88,0
921039,1,2,2,50,0
924786,1,2,2,59,0
1007138,2,147,2,64,0
919963,1,2,2,27,0
990404,15,331,136,83,0
990571,1,2,2,45,0
973007,4,539,76,54,0
1008916,2,300,2,61,0
964927,1,2,2,50,0
1077429,68,3015,1261,96,0
1008902,1,2,2,56,0
1014531,1,2,2,54,0
998272,2,2,2,104,0
1053108,3,334,2,62,0
1115820,3,31,2,94,0
1067144,2,188,2,28,0
1046340,3,595,2,31,0
1184838,31,75,87,65,0
1189834,27,1539,1482,181,0
1134214,1,2,2,44,0
1070598,2,113,2,53,0
1115898,1,2,2,57,0
1232324,9,384,65,56,0
1175305,8,606,199,77,0
1270747,17,575,359,43,0
1148232,4,313,2,59,0
1174525,3,386,2,46,0
1192100,1,2,2,122,0
1238877,1,2,2,51,0
1179086,1,2,2,109,0
1190531,1,2,2,80,0
1190653,0,2,2,195,0
1179504,1,2,2,45,0
1209593,1,2,2,84,0
1179127,2,76,2,266,0
1245967,4,63,32,50,0
1184979,1,48,2,6,0
1180715,7,292,346,38,0
1236744,1,2,2,90,0
1232141,1,2,2,57,0
1218993,1,2,2,66,0
1222907,2,187,2,161,0
1232195,1,2,2,94,0
1338166,2,264,2,81,0
1218870,2,2,2,100,0
1243055,2,287,2,39,0
1351198,14,665,203,130,0
1358741,10,444,111,69,0
1251763,3,247,2,62,0
1295205,1,2,2,39,0
1418654,36,456,367,100,0
1415699,9,227,137,38,0
1444012,3,2,2,75,0
1407165,2,80,2,45,0
1349020,1,2,2,69,0
1400743,1,2,2,60,0
1523722,18,1217,513,66,0
1528088,21,981,1295,58,0
1423048,1,2,2,73,0
1527767,20,224,303,225,0
1428864,4,107,48,82,0
1536873,7,455,441,74,0
1423574,1,2,2,89,0
1488442,2,8,2,57,0
1590245,35,1371,378,77,0
1526747,0,2,2,49,0
1504545,1,2,2,74,0
1537194,1,2,2,75,0
1494617,1,2,2,54,0
1623315,5,295,2,63,0
1499096,1,2,2,54,0
1596595,2,317,2,29,0
1537114,2,2,2,78,0
1509579,3,90,2,78,0
1537271,1,2,2,79,0
1518191,0,2,2,99,0
1676991,57,205,375,47,0
1571454,2,88,2,28,0
1592671,1,2,2,90,0
1591725,1,2,2,79,0
1578969,1,2,2,34,0
1656560,1,2,2,60,0
1753699,23,792,963,73,0
1656841,1,2,2,57,0
1656941,4,102,286,107,0
1709403,1,2,2,100,0
1657753,6,55,16,80,0
1657569,2,2,2,50,0
1785227,70,2839,1270,86,0
1729995,1,2,2,91,0
1738119,1,225,2,126,0
1775126,3,76,94,60,0
1760178,4,65,81,77,0
1760880,1,2,2,69,0
1776195,3,116,161,74,0
1859787,3,96,155,83,0
1874864,27,1183,61,45,0
1871370,1,2,2,77,0
1818095,2,18,2,67,0
1848212,3,113,137,50,0
1804752,1,2,2,50,0
1851269,1,2,2,63,0
1863133,2,2,2,68,0
1783507,2,2,2,72,0
1957086,11,156,337,58,0
1866145,15,203,3005,48,0
1875130,2,347,2,31,0
1882942,1,2,2,69,0
1853720,11,108,455,56,0
2027367,91,2225,4263,80,0
1917363,1,2,2,62,0
1930735,3,161,2,69,0
1947233,3,361,2,90,0
1936346,1,2,2,46,0
1926375,2,2,2,44,0
1958136,1,2,2,22,0
2033600,19,1649,1841,69,0
2041059,20,122,161,56,0
2036848,9,86,639,276,0
1996016,5,328,65,41,0
2108789,23,1202,1754,59,0
2101789,59,2844,1768,39,0
2029492,3,44,156,163,0
1993557,2,2,2,44,0
2028001,1,2,2,46,0
2005102,0,2,2,39,0
2132976,39,1469,993,68,0
2090905,1,2,2,59,0
2066180,3,64,75,33,0
2053400,1,2,2,67,0
2194772,23,1401,966,70,0
2040770,6,186,2,54,0
2099594,1,2,2,31,0
2133914,2,252,2,83,0
2113837,2,286,2,34,0
2085978,3,76,197,35,0
2131751,1,2,2,29,0
2189687,12,331,1831,72,0
2133267,3,136,2,61,0
2283854,17,1370,1080,114,0
2209873,1,2,2,22,0
2256908,4,48,78,109,0
2190946,2,268,2,50,0
2191500,1,2,2,129,0
2300885,29,9893,844,65,0
2286473,1,2,2,100,0
2353504,40,984,1419,57,0
2256970,3,38,2,64,0
2256984,2,14,2,119,0
2272429,1,287,2,23,0
2256940,3,2,2,64,0
2361583,12,1963,286,97,0
2374771,59,1613,2289,38,0
2377171,25,1997,75,96,0
2361639,8,501,40,92,0
2326593,6,449,393,50,0
2377633,14,783,473,67,0
2356646,3,13,449,55,0
2296958,3,468,2,97,0
2381749,4,58,29,55,0
2356827,1,2,2,58,0
2369791,4,430,330,90,0
2331032,3,23,2,49,0
2345278,4,13,351,74,0
2346212,1,2,2,104,0
2361154,2,2,2,64,0
2361530,1,2,2,62,0
2343762,2,81,2,58,0
2361558,1,2,2,67,0
2467171,5,61,119,73,0
2505671,68,2055,5532,74,0
2478333,15,507,977,154,0
2511408,9,451,129,85,0
2434933,15,558,282,76,0
2435645,1,2,2,85,0
2549679,27,829,614,63,0
2483753,5,217,311,65,0
2470013,1,2,2,59,0
2478834,1,2,2,122,0
2563896,29,1007,920,68,0
2467316,1,2,2,107,0
2528332,2,89,2,62,0
2561799,17,1259,1408,64,0
2505588,1,2,2,87,0
2505614,3,167,2,93,0
2540114,2,28,2,51,0
2639700,11,1965,567,50,0
2557730,1,2,2,64,0
2660900,3,159,121,70,0
2695812,60,2767,1190,49,0
2638691,1,2,2,53,0
2744628,38,721,2800,65,0
2690659,1,2,2,47,0
2638291,2,147,2,64,0
2639360,3,468,75,48,0
2638255,6,72,537,79,0
2715225,2,2,2,56,0
2692488,4,105,31,81,0
2663852,2,174,2,94,0
2743593,17,821,949,67,0
2705039,1,2,2,56,0
2697135,1,2,2,41,0
2743827,1,2,2,64,0
2832555,34,1511,1246,71,0
2816800,13,353,265,51,0
2815852,5,273,121,61,0
2794618,2,124,2,62,0
2745051,4,13,27,69,0
2927231,31,784,1523,107,0
2812755,1,2,2,49,0
2912077,3,111,43,88,0
2828229,7,208,122,76,0
2822129,3,2,2,71,0
2885860,2,133,2,73,0
3001394,29,1826,1291,97,0
2885005,1,2,2,71,0
2959855,0,2,2,144,0
2960500,6,83,306,70,0
2962521,1,2,2,63,0
2964567,0,2,2,53,0
2978704,2,124,2,79,0
3080887,28,808,349,60,0
2959680,1,2,2,55,0
2963221,1,2,2,59,0
3048447,1,289,2,111,0
3050621,3,139,2,73,0
3050970,1,2,2,32,0
3011857,1,286,2,72,0
3032461,2,715,2,44,0
3059234,1,2,2,247,0
3055400,1,2,2,115,0
3056834,1,2,2,59,0
3057382,3,302,2,78,0
3078530,1,2,2,56,0
3188899,32,3223,735,111,0
3081238,1,287,2,72,0
3088458,1,2,2,32,0
3149152,3,233,2,82,0
3189033,18,193,187,78,0
3139512,1,287,2,259,0
3115300,3,100,142,56,0
3092983,0,2,2,32,0
3261060,17,1022,747,55,0
3134250,1,2,2,60,0
3165782,8,155,429,59,0
3256391,42,1030,1735,72,0
3174299,5,266,219,69,0
3157134,1,2,2,88,0
3180832,3,129,166,40,0
3217043,6,2253,128,99,0
3158779,1,2,2,48,0
3263837,13,1202,1815,64,0
3172668,6,45,167,109,0
3258055,5,276,85,61,0
3189106,1,2,2,69,0
3216292,0,2,2,33,0
3344923,65,1494,879,52,0
3253365,2,322,2,53,0
3210688,2,44,2,71,0
3345939,9,30,243,52,0
3265448,1,2,2,54,0
3266382,7,171,87,104,0
3302399,2,38,2,41,0
3344932,2,191,2,66,0
3465238,15,870,22,69,0
3345063,10,1966,2,88,0
3345321,1,2,2,65,0
3333483,1,2,2,50,0
3359149,3,50,65,61,0
3341871,1,2,2,70,0
3361095,1,2,2,60,0
3448168,2,565,2,45,0
3437842,4,76,2,71,0
3462393,1,2,2,40,0
3516140,54,3308,1581,44,0
3409234,0,2,2,70,0
3457097,1,2,2,55,0
3414325,4,1116,41,35,0
3569231,41,1631,1224,76,0
3492556,1,2,2,75,0
3487750,1,2,2,62,0
3492885,2,87,2,54,0
3597518,14,587,358,71,0
3491038,7,13,247,187,0
3552220,1,2,2,59,0
3601438,39,371,1059,33,0
3568221,4,92,34,75,0
3534090,2,98,2,47,0
3637588,13,207,524,62,0
3555251,1,2,2,95,0
3676481,54,249,1664,77,0
3654084,3,147,2,55,0
3601410,1,2,2,67,0
3639139,1,2,2,67,0
3664981,2,97,2,81,0
3602644,3,13,13,72,0
3694802,13,1754,1901,70,0
3681771,1,2,2,88,0
3688978,8,94,964,90,0
3694716,9,655,100,128,0
3687081,2,2,2,85,0
3636476,1,289,2,51,0
3772909,28,475,945,59,0
3749813,3,266,2,56,0
3737966,1,2,2,57,0
3668910,3,39,2,66,0
3822749,20,964,160,23,0
3737184,1,2,2,149,0
3696973,1,2,2,51,0
3823669,41,1868,1495,58,0
3772435,1,2,2,72,0
3769201,7,2833,152,43,0
3870500,19,1593,2127,86,0
3773394,1,2,2,77,0
3766873,1,2,2,147,0
3775912,1,2,2,56,0
3824565,1,2,2,71,0
3773774,1,2,2,70,0
3827194,1,2,2,116,0
3764516,2,563,2,44,0
3824924,1,2,2,93,0
3772895,1,2,2,51,0
3808868,1,2,2,75,0
3836573,1,2,2,130,0
3823616,1,2,2,45,0
3824301,4,571,2,47,0
3806511,1,2,2,72,0
3835640,1,2,2,61,0
3954247,61,2485,1343,76,0
3853233,1,286,2,60,0
3818324,2,65,2,10,0
3834049,20,1771,1303,98,0
3866371,1,2,2,64,0
3867692,2,2,2,54,0
3843546,1,2,2,65,0
3847789,1,2,2,50,0
3940209,6,1059,96,43,0
3850998,1,2,2,53,0
3886518,1,2,2,75,0
3942850,1,2,2,78,0
3924331,2,2732,2,148,0
4000786,31,2483,1206,62,0
3931544,3,59,2,67,0
3931379,2,1077,2,97,0
3943255,1,2,2,185,0
4030804,22,903,777,80,0
3946733,1,2,2,61,0
3977098,5,315,2,53,0
4162936,23,748,343,37,0
4164772,11,238,223,20,0
4051380,6,1737,286,96,0
4219079,100,2803,3515,36,0
4194640,12,1078,2721,62,0
4183259,1,2,2,20,0
4136678,2,319,2,48,0
4151443,0,2,2,78,0
4149735,1,2,2,74,0
4193780,5,657,2,60,0
4211979,2,149,2,59,0
4200333,3,131,357,95,0
4155002,1,2,2,160,0
4233462,3,25,2,60,0
4194492,3,13,100,62,0
4333500,31,1365,652,76,0
4227083,2,350,2,132,0
4193341,2,2,2,24,0
4188100,1,2,2,60,0
4193484,4,515,2,120,0
4222223,1,2,2,66,0
4224352,0,2,2,87,0
4221962,1,2,2,74,0
4298139,1,2,2,53,0
4379883,88,2567,1994,52,0
4319053,1,2,2,92,0
4325992,1,2,2,97,0
4356174,24,776,157,62,0
4295366,1,2,2,75,0
4333653,3,8,2,60,0
4357011,3,1272,2,61,0
4305785,1,2,2,65,0
4295824,2,1117,2,62,0
4280656,1,2,2,61,0
4289142,1,2,2,72,0
4295904,1,2,2,95,0
4329711,2,380,2,84,0
4333574,1,67,2,82,0
4333613,1,2,2,96,0
4323205,1,2,2,74,0
4376652,1,2,2,68,0
4455299,33,993,2190,92,0
4366029,4,1052,492,115,0
4352674,1,2,2,95,0
4341773,1,2,2,75,0
4474360,41,552,4142,85,0
4450652,7,393,2,45,0
4456798,1,2,2,57,0
4437997,4,775,2,84,0
4459997,2,966,2,90,0
4545459,88,3244,4207,53,0
4525015,43,1187,1392,60,0
4454703,1,2,2,31,0
4455974,2,2,2,67,0
4456063,4,56,63,44,0
4470704,3,202,2,75,0
4554567,3,88,2,79,0
4472440,4,494,94,47,0
4455217,1,2,2,91,0
4562116,60,1674,855,25,0
4558225,4,393,149,70,0
4430373,1,2,2,92,0
4466919,1,2,2,58,0
4454068,1,2,2,67,0
4471049,3,13,575,56,0
4470763,1,2,2,88,0
4617604,66,642,800,60,0
4614819,8,191,284,62,0
4503076,1,2,2,69,0
4643674,7,292,174,87,0
4615437,12,560,219,86,0
4614940,9,289,236,63,0
4615652,1,2,2,71,0
4567301,2,87,2,66,0
4634648,1,2,2,40,0
4551027,1,670,2,34,0
4549460,1,2,2,65,0
4576487,3,405,2,42,0
4590300,1,286,2,57,0
4626281,3,363,2,81,0
4655816,8,407,716,64,0
4614865,2,168,2,65,0
4614788,1,2,2,47,0
4636505,5,37,29,60,0
4737808,19,1509,478,46,0
4614897,5,619,49,93,0
4753282,59,452,1152,65,0
4667986,1,2,2,79,0
4784202,25,735,398,39,0
4685963,4,222,44,82,0
4699028,1,2,2,37,0
4702232,1,2,2,56,0
4705862,3,13,305,47,0
4751122,4,282,387,26,0
4794528,12,924,924,35,0
4737204,2,50,2,62,0
4849358,40,1350,2080,68,0
4747629,1,2,2,65,0
4750623,2,160,2,40,0
4752986,1,2,2,80,0
4747171,1,2,2,42,0
4764328,1,2,2,92,0
4754267,3,1124,2,110,0
4810055,3,248,2,53,0
4756690,6,129,164,59,0
4850846,3,312,2,28,0
4844182,3,314,2,82,0
4783015,2,412,2,80,0
4906491,45,1391,1844,73,0
4788217,5,476,911,50,0
4901455,50,2006,674,70,0
4877070,1,2,2,65,0
4899831,4,15,96,78,0
4864648,2,326,2,79,0
4903948,7,13,224,98,0
4948231,52,651,246,76,0
4904023,1,291,2,86,0
4882098,1,289,2,45,0
4904157,2,174,2,65,0
4991842,16,1085,386,54,0
4893802,1,2,2,77,0
4914741,1,2,2,82,0
4969674,1,287,2,69,0
4912071,2,366,2,38,0
4950769,1,2,2,34,0
4929966,1,43,2,38,0
4946010,1,306,2,86,0
5041252,18,373,289,48,0
5021750,6,412,2,83,0
4940283,1,289,2,77,0
5060659,9,185,158,69,0
5080535,11,630,911,89,0
4979487,3,23,2,67,0
4985169,1,2,2,55,0
4978130,2,2,2,124,0
5060527,2,2,2,91,0
5027080,4,19,141,56,0
5129544,32,1613,1703,58,0
5090517,1,2,2,151,0
5017875,1,287,2,147,0
5060829,4,274,2,68,0
5091222,9,213,442,52,0
5082202,1,286,2,39,0
5066613,1,2,2,69,0
5148475,12,2630,748,87,0
5185497,12,1903,236,59,0
5141109,1,2,2,74,0
5129121,3,658,2,67,0
5240688,44,2649,2821,75,0
5106124,3,302,2,95,0
5116242,0,2,2,72,0
5124465,2,416,2,81,0
5130687,0,2,2,95,0
5276929,9,399,369,78,0
5344018,88,3219,11654,69,0
5296570,8,314,167,64,0
5219891,1,2,2,19,0
5326021,1,2,2,62,0
5276599,1,2,2,103,0
5270573,3,247,145,48,0
5289106,1,289,2,36,0
5316813,1,2,2,81,0
5273730,1,2,2,63,0
5385978,1,2,2,41,0
